{
  "hash": "2a8d3c73",
  "configHash": "0d88da60",
  "lockfileHash": "d56131ea",
  "browserHash": "a61db1c4",
  "optimized": {
    "@angular/core": {
      "src": "../../../../../../node_modules/@angular/core/fesm2022/core.mjs",
      "file": "@angular_core.js",
      "fileHash": "de05a943",
      "needsInterop": false
    },
    "@angular/platform-browser": {
      "src": "../../../../../../node_modules/@angular/platform-browser/fesm2022/platform-browser.mjs",
      "file": "@angular_platform-browser.js",
      "fileHash": "8edebff1",
      "needsInterop": false
    },
    "@angular/common": {
      "src": "../../../../../../node_modules/@angular/common/fesm2022/common.mjs",
      "file": "@angular_common.js",
      "fileHash": "1f8762e9",
      "needsInterop": false
    }
  },
  "chunks": {
    "chunk-RDWNYGD2": {
      "file": "chunk-RDWNYGD2.js"
    },
    "chunk-TBSDPAXK": {
      "file": "chunk-TBSDPAXK.js"
    }
  }
}